{
  "timestamp": "2025-06-30T15:53:42.198157",
  "statistics": {
    "count": 1196,
    "mean": 9492.542642140468,
    "median": 9449.0,
    "std": 1065.9212593455445,
    "min": 6859,
    "max": 13938,
    "quartile_25": 8756.75,
    "quartile_75": 10155.5
  },
  "token_counts": [
    8057,
    8767,
    9801,
    8620,
    10103,
    10213,
    10327,
    9647,
    11718,
    9937,
    9864,
    9904,
    8859,
    8779,
    10293,
    11063,
    11766,
    7876,
    8993,
    7861,
    9794,
    8584,
    8930,
    9116,
    8126,
    10455,
    9926,
    9681,
    10172,
    8298,
    10680,
    8503,
    9478,
    9172,
    10176,
    8871,
    9461,
    9808,
    8304,
    8804,
    10812,
    8140,
    12201,
    8418,
    7952,
    9252,
    10217,
    11128,
    8608,
    9459,
    9284,
    8067,
    9025,
    10033,
    9802,
    9123,
    10510,
    10406,
    9088,
    10829,
    8991,
    9392,
    9399,
    11323,
    10312,
    8714,
    9821,
    10268,
    9461,
    10914,
    9806,
    9723,
    10955,
    8751,
    9767,
    10749,
    8629,
    10431,
    10073,
    8448,
    8731,
    9783,
    9738,
    9575,
    9319,
    9519,
    11163,
    11094,
    8200,
    9758,
    9390,
    8376,
    7899,
    10094,
    10271,
    8578,
    9104,
    10763,
    9404,
    9826,
    9174,
    9634,
    8723,
    9246,
    9084,
    7713,
    10070,
    8033,
    9025,
    11432,
    10563,
    9249,
    12683,
    9956,
    8212,
    8771,
    11631,
    8918,
    10330,
    9534,
    11869,
    8615,
    10508,
    8285,
    8924,
    8302,
    9060,
    8998,
    10825,
    10043,
    7313,
    8811,
    9432,
    9279,
    10051,
    8986,
    8187,
    8478,
    9805,
    9067,
    8756,
    7982,
    10301,
    10321,
    7689,
    8618,
    7994,
    9645,
    11311,
    8496,
    7255,
    9809,
    9723,
    11521,
    9822,
    11086,
    9478,
    8518,
    8593,
    7462,
    8907,
    8366,
    10899,
    10746,
    9902,
    10124,
    9943,
    10367,
    8865,
    8244,
    7400,
    9379,
    8826,
    9741,
    9784,
    8921,
    9660,
    7480,
    8884,
    8544,
    10795,
    10143,
    8357,
    8054,
    9503,
    9982,
    10228,
    9887,
    9034,
    8986,
    8523,
    9701,
    8581,
    8655,
    9183,
    8644,
    8681,
    8464,
    9231,
    10151,
    10252,
    10020,
    8512,
    7733,
    9106,
    9673,
    9903,
    10448,
    8505,
    9719,
    9681,
    9880,
    8968,
    9543,
    8895,
    10577,
    9216,
    8562,
    9545,
    7931,
    7845,
    9886,
    8786,
    10998,
    8658,
    8282,
    9614,
    9926,
    8813,
    9122,
    8704,
    10770,
    9189,
    8604,
    8248,
    7516,
    10298,
    8835,
    8421,
    8987,
    9473,
    8622,
    9284,
    10866,
    10483,
    9198,
    11023,
    9694,
    9321,
    8893,
    10180,
    9871,
    10423,
    9618,
    8330,
    8882,
    10166,
    9264,
    8559,
    7801,
    7990,
    8149,
    9247,
    10294,
    9189,
    10162,
    11613,
    10099,
    9249,
    9235,
    9220,
    8894,
    8373,
    9273,
    8599,
    9958,
    8399,
    12366,
    9234,
    9628,
    10342,
    8940,
    10730,
    10021,
    10609,
    10621,
    8189,
    9178,
    9736,
    9196,
    9074,
    9288,
    8705,
    10506,
    9700,
    11275,
    8761,
    7525,
    10880,
    10503,
    7724,
    8844,
    10822,
    13658,
    8966,
    9732,
    9572,
    10490,
    8771,
    8746,
    9165,
    9301,
    7558,
    9319,
    9792,
    10383,
    8880,
    8795,
    10532,
    11661,
    8226,
    9840,
    10141,
    9130,
    8980,
    9295,
    11063,
    9761,
    9092,
    9681,
    9831,
    9864,
    10064,
    9567,
    9423,
    8418,
    9726,
    9070,
    10425,
    9853,
    9208,
    11209,
    9507,
    9908,
    7431,
    8536,
    10142,
    9301,
    9213,
    8551,
    8606,
    9275,
    9984,
    10126,
    11632,
    8496,
    7728,
    10320,
    7577,
    10478,
    9399,
    10467,
    9842,
    9031,
    8619,
    10606,
    9487,
    8868,
    9363,
    9719,
    8793,
    9405,
    10527,
    9525,
    10222,
    10582,
    10279,
    9904,
    10044,
    9938,
    9306,
    11106,
    8975,
    10503,
    9285,
    9025,
    9043,
    9131,
    12882,
    9359,
    10639,
    9711,
    11243,
    9124,
    9903,
    9453,
    10804,
    8992,
    9448,
    9878,
    10041,
    8406,
    9757,
    9403,
    10092,
    9597,
    9852,
    7369,
    9353,
    9074,
    9006,
    8740,
    9205,
    9945,
    9082,
    9685,
    9243,
    10092,
    9351,
    11082,
    9418,
    7500,
    7350,
    11063,
    10429,
    11556,
    9638,
    11413,
    9450,
    8710,
    8470,
    11395,
    10930,
    9509,
    9619,
    10345,
    9075,
    8706,
    8183,
    10985,
    11211,
    10139,
    9676,
    9495,
    9567,
    10314,
    7261,
    8738,
    7509,
    11123,
    9013,
    11720,
    8982,
    10542,
    9680,
    10491,
    8976,
    10469,
    9205,
    8474,
    8115,
    8401,
    9302,
    10634,
    8690,
    10880,
    9839,
    7480,
    7567,
    8060,
    8930,
    9429,
    9048,
    8002,
    9816,
    9373,
    10394,
    8790,
    8997,
    9758,
    10667,
    10336,
    10009,
    13139,
    7495,
    9063,
    10843,
    9291,
    10033,
    10292,
    9164,
    11114,
    9520,
    9799,
    10430,
    9893,
    10380,
    8777,
    9505,
    9472,
    10392,
    8877,
    10393,
    9070,
    7549,
    9814,
    8504,
    10457,
    9724,
    10636,
    9477,
    8676,
    8529,
    9837,
    11163,
    10350,
    9327,
    8949,
    10191,
    9507,
    12074,
    9392,
    9040,
    10829,
    9338,
    9906,
    9424,
    10030,
    9461,
    10073,
    10013,
    9918,
    10164,
    9814,
    9656,
    10616,
    8706,
    9629,
    9583,
    9994,
    8948,
    10746,
    9164,
    10374,
    7865,
    10336,
    10135,
    10776,
    8258,
    9699,
    8622,
    11114,
    8792,
    9035,
    12069,
    9260,
    8753,
    10701,
    9467,
    9202,
    10781,
    11671,
    9688,
    10593,
    7465,
    10672,
    8844,
    9579,
    10576,
    8419,
    8701,
    11849,
    8946,
    8271,
    9457,
    7767,
    10287,
    8037,
    10528,
    9245,
    8286,
    9434,
    8853,
    11782,
    7781,
    11057,
    8325,
    8053,
    7719,
    8896,
    8268,
    10204,
    9114,
    9097,
    8110,
    8896,
    11176,
    10525,
    11452,
    10080,
    9107,
    8823,
    11066,
    10052,
    10217,
    10216,
    9068,
    8958,
    9703,
    8943,
    8847,
    9842,
    10991,
    8738,
    8708,
    9622,
    9409,
    11016,
    8093,
    9698,
    9963,
    9325,
    8552,
    12664,
    13050,
    7913,
    11094,
    8874,
    11133,
    10048,
    10321,
    7465,
    11341,
    9133,
    7925,
    10995,
    9198,
    8924,
    9884,
    7296,
    11369,
    8003,
    7776,
    8516,
    9609,
    13938,
    10724,
    8079,
    9388,
    9466,
    9066,
    8632,
    8708,
    10436,
    10157,
    10474,
    11306,
    7908,
    10408,
    9712,
    11296,
    10069,
    8599,
    8310,
    8987,
    9749,
    9588,
    8917,
    10577,
    9917,
    12004,
    9905,
    10788,
    10817,
    10054,
    8055,
    8287,
    9500,
    11284,
    7433,
    7523,
    9593,
    9948,
    7711,
    9271,
    8207,
    8890,
    8667,
    8744,
    8276,
    10262,
    10444,
    7908,
    11030,
    10261,
    8303,
    8643,
    8992,
    9380,
    9387,
    9666,
    8981,
    9813,
    8736,
    8752,
    10335,
    10254,
    11298,
    8581,
    9003,
    10286,
    10438,
    8300,
    10563,
    9155,
    8625,
    10404,
    8725,
    11399,
    9880,
    10394,
    8805,
    7342,
    12757,
    7936,
    7312,
    8855,
    10348,
    9322,
    9488,
    7691,
    10414,
    9419,
    9779,
    10936,
    9561,
    8795,
    8393,
    7696,
    10363,
    9501,
    9955,
    8380,
    7688,
    9798,
    10960,
    9824,
    10292,
